<?xml version="1.0" encoding="UTF-8"?>
<project-private xmlns="http://www.netbeans.org/ns/project-private/1">
    <editor-bookmarks xmlns="http://www.netbeans.org/ns/editor-bookmarks/2" lastBookmarkId="0"/>
    <open-files xmlns="http://www.netbeans.org/ns/projectui-open-files/2">
        <group>
            <file>file:/D:/Universidad/Compiladores/Semana%203%20-%20Analizador%20lexico/AnalizadorLexico/src/codigo/Sintax.cup</file>
            <file>file:/D:/Universidad/Compiladores/Semana%203%20-%20Analizador%20lexico/AnalizadorLexico/src/codigo/Sintax.java</file>
            <file>file:/D:/Universidad/Compiladores/Semana%203%20-%20Analizador%20lexico/AnalizadorLexico/src/codigo/sym.java</file>
            <file>file:/D:/Universidad/Compiladores/Semana%203%20-%20Analizador%20lexico/AnalizadorLexico/src/codigo/LexerCup.java</file>
            <file>file:/D:/Universidad/Compiladores/Semana%203%20-%20Analizador%20lexico/AnalizadorLexico/src/codigo/Lexer.flex</file>
            <file>file:/D:/Universidad/Compiladores/Semana%203%20-%20Analizador%20lexico/AnalizadorLexico/src/codigo/Tokens.java</file>
            <file>file:/D:/Universidad/Compiladores/Semana%203%20-%20Analizador%20lexico/AnalizadorLexico/src/codigo/FrmPrincipal.java</file>
            <file>file:/D:/Universidad/Compiladores/Semana%203%20-%20Analizador%20lexico/AnalizadorLexico/src/codigo/Principal.java</file>
            <file>file:/D:/Universidad/Compiladores/Semana%203%20-%20Analizador%20lexico/AnalizadorLexico/src/codigo/LexerCup.flex</file>
        </group>
    </open-files>
</project-private>
